Model,Accuracy,Precision,Recall,F1-Score,Balanced Accuracy,MCC,Cohen Kappa,AUC-ROC,CV F1 Mean,CV F1 Std,Training Time,Prediction Time,Total Time
Logistic Regression,1.0,1.0,1.0,1.0,1.0,1.0,1.0,1.0,1.0,0.0,0.15264487266540527,0.0036072731018066406,0.15625214576721191
Multinomial NB,1.0,1.0,1.0,1.0,1.0,1.0,1.0,1.0,1.0,0.0,0.010128259658813477,0.0010035037994384766,0.011131763458251953
Complement NB,1.0,1.0,1.0,1.0,1.0,1.0,1.0,1.0,1.0,0.0,0.007983684539794922,0.001016378402709961,0.009000062942504883
Linear SVM,1.0,1.0,1.0,1.0,1.0,1.0,1.0,1.0,1.0,0.0,0.8452177047729492,0.0010020732879638672,0.8462197780609131
SGD Classifier,1.0,1.0,1.0,1.0,1.0,1.0,1.0,1.0,1.0,0.0,0.07367706298828125,0.0020008087158203125,0.07567787170410156
Random Forest,1.0,1.0,1.0,1.0,1.0,1.0,1.0,1.0,1.0,0.0,0.5173652172088623,0.09549832344055176,0.6128635406494141
Gradient Boosting,1.0,1.0,1.0,1.0,1.0,1.0,1.0,1.0,1.0,0.0,6.86304783821106,0.03734564781188965,6.900393486022949
Ridge Classifier,1.0,1.0,1.0,1.0,1.0,1.0,1.0,1.0,1.0,0.0,0.11000895500183105,0.001079559326171875,0.11108851432800293
